Date,Time,YYYYDDD.DDD,JX,JY,MX1,MY1,D1,MX2,MY2,D2,MX3,MY3,D3,MX4,MY4,D4,FL,uncertainty,Distance
2019-07-08 00:00:00,23:33:04,2019189.981296296296,,,,,0,,,0,,,0,,,0,300,,4.39
2019-07-11 00:00:00,00:51:31,2019192.035775462963,,,,,0,,,0,,,0,,,0,270,,4.4
2019-07-11 00:00:00,23:13:38,2019192.967800925926,,,,,0,,,0,,,0,,,0,270,,4.41
2019-07-12 00:00:00,23:33:22,2019193.98150462963,,,,,0,,,0,,,0,,,0,300,,4.42
2019-07-13 00:00:00,21:57:27,2019194.914895833333,,,,,0,,,0,,,0,,,0,300,,4.43
2019-07-14 00:00:00,23:07:14,2019195.963356481481,,,,,0,,,0,,,0,,,0,300,,4.44
2019-07-15 00:00:00,22:58:45,2019196.957465277778,,,,,0,,,0,,,0,,,0,300,,4.45
2019-07-17 00:00:00,23:08:02,2019198.963912037037,,,,,0,,,0,,,0,,,0,300,,4.47
2019-07-19 00:00:00,23:25:15,2019200.975868055556,,,,,0,,,0,,,0,,,0,300,,4.49
2019-07-20 00:00:00,22:27:52,2019201.936018518519,,,,,0,,,0,,,0,,,0,300,,4.5
2019-07-21 00:00:00,22:43:12,2019202.946666666667,,,,,0,,,0,,,0,,,0,300,,4.51
2019-07-22 00:00:00,22:48:35,2019203.950405092593,,,,,0,,,0,,,0,,,0,300,,4.52
2019-07-24 00:00:00,22:50:06,2019205.951458333333,,,,,0,,,0,,,0,,,0,300,,4.54
2019-07-25 00:00:00,22:51:34,2019206.952476851852,,,,,0,,,0,,,0,,,0,300,,4.55
2019-07-27 00:00:00,23:04:03,2019208.961145833333,,,,,0,,,0,,,0,,,0,300,,4.57
2019-07-28 00:00:00,22:49:52,2019209.951296296296,,,,,0,,,0,,,0,,,0,300,,4.58
