Date,Time,YYYYDDD.DDD,JX,JY,MX1,MY1,D1,MX2,MY2,D2,MX3,MY3,D3,MX4,MY4,D4,FL,uncertainty,Distance
8-Jul-19,11:33:04 pm,2019189.981296296296,2601,1751,2498,1748,-103.0436801,2540,1749,-61.03277808,2638,1754,37.12142239,2767,1750,166.003012,300,2,4.39
11-Jul-19,12:51:31 am,2019192.035775462963,2600,1751,2637,1769,41.14608122,2647,1762,48.27007354,2764,1974,276.8122107,-1,-1,NA,270,5,4.4
11-Jul-19,11:13:38 pm,2019192.967800925926,2596,1747,2547,1752,-49.25444142,2690,1741,94.19129471,2741,1744,145.0310312,-1,-1,NA,270,1,4.41
12-Jul-19,11:33:22 pm,2019193.98150462963,2602,1751,2575,1750,-27.01851217,2579,1746,-23.53720459,2688,1761,86.57944329,2714,1766,113,300,2,4.42
13-Jul-19,9:57:27 pm,2019194.914895833333,2598,1749,2629,1741,32.01562119,2650,1746,52.08646657,2662,1733,65.96969001,-1,-1,-3133.257251,300,2,4.43
14-Jul-19,11:07:14 pm,2019195.963356481481,2599,1746,2521,1748,-78.02563681,2557,1754,-42.75511665,2576,1752,-23.76972865,-1,-1,-3132.412648,300,1,4.44
15-Jul-19,10:58:45 pm,2019196.957465277778,2598,1748,2492,1746,-106.0188662,2512,1757,-86.46964785,2535,1747,-63.00793601,2641,1746,43.0464865,300,2,4.45
17-Jul-19,11:08:02 pm,2019198.963912037037,2603,1747,2422,1750,-181.0248602,2618,1750,15.29705854,2637,1745,34.05877273,2658,1757,55.90169944,300,2,4.47
19-Jul-19,11:25:15 pm,2019200.975868055556,2590,1752,2422,1729,-169.5670959,2559,1746,-31.57530681,2573,1751,-17.02938637,2681,1761,91.44397192,300,2,4.49
20-Jul-19,10:27:52 pm,2019201.936018518519,2595,1750,2467,1750,-128,2617,1753,22.20360331,2620,1745,25.49509757,2625,1744,30.59411708,300,2,4.5
21-Jul-19,10:43:12 pm,2019202.946666666667,2617,1769,2548,1772,-69.0651866,2549,1761,-68.46897107,2578,1769,-39,2632,1773,15.5241747,300,2,4.51
22-Jul-19,10:48:35 pm,2019203.950405092593,2635,1768,2529,1781,-106.7941946,2569,1782,-67.46851117,2676,1788,45.61797891,-1,-1,NA,300,2,4.52
24-Jul-19,10:50:06 pm,2019205.951458333333,2598,1748,2618,1743,20.61552813,2627,1750,29.06888371,2660,1752,62.12889827,2729,1747,131.0038167,300,2,4.54
25-Jul-19,10:51:34 pm,2019206.952476851852,2593,1744,2557,1744,-36,2578,1741,-15.29705854,2685,1751,92.26592004,2762,1758,169.5788902,300,2,4.55
27-Jul-19,11:04:03 pm,2019208.961145833333,2599,1744,2617,1745,18.02775638,2630,1753,32.28002478,2654,1751,55.4436651,2773,1774,176.5672676,300,2,4.57
28-Jul-19,10:49:52 pm,2019209.951296296296,2593,1746,2538,1743,-55.08175742,2561,1743,-32.14031736,2618,1752,25.70992026,2732,1770,141.0567262,300,2,4.58